Districts,latitude,longitude,Name,State,Country
"car nicobar,andaman and nicobar islands",9.187057,92.7730136,Jnv Car Nicobar Arong  ,Andaman And Nicobar Islands,India
"n.m. andaman,andaman and nicobar islands",12.941402,92.82055,Jnv Nm Andaman Panchavati  ,Andaman And Nicobar Islands,India
"south andaman,andaman and nicobar islands",14.063258,78.754425,Jnv South Andaman Chouldari  ,Andaman And Nicobar Islands,India
"ananthapur,andhra pradesh",28.003855,93.209361,Jnv Ananthapur Lepakshi    ,Andhra Pradesh,India
"chittoor,andhra pradesh",27.666201,95.877197,Jnv Chittoor Madanapalle    ,Andhra Pradesh,India
"east godavari-1,andhra pradesh",27.327049,93.718887,Jnv East Godavari 1 Peddapuram,Andhra Pradesh,India
"east godavari-2,andhra pradesh",25.351184,93.087421,Jnv East Godavari 2 Nellipaka,Andhra Pradesh,India
"guntur,andhra pradesh",26.212764,91.473112,Jnv Guntur Maddirala    ,Andhra Pradesh,India
"annamayya, kadapa,andhra pradesh",14.063258,78.754425,Jnv Annamayya Kadapa Naramaraju Palli,Andhra Pradesh,India
"krishna,andhra pradesh",25.875669,92.792663,Jnv Krishna Veleru    ,Andhra Pradesh,India
"kurnool,andhra pradesh",25.861203,92.82056,Jnv Kurnool Banawasi    ,Andhra Pradesh,India
"nellore,andhra pradesh",26.356906,92.674014,Jnv Nellore Krishnapuram    ,Andhra Pradesh,India
"prakasam-1,andhra pradesh",19.567322,81.368103,Jnv Prakasam 1 Ongole  ,Andhra Pradesh,India
"prakasam-2,andhra pradesh",22.927858,83.226959,Jnv Prakasam 2 Kaljuvlapadu  ,Andhra Pradesh,India
"srikakulam,andhra pradesh",20.30936,73.050765,Jnv Srikakulam Vennelavalasa    ,Andhra Pradesh,India
"visakhapatnam,andhra pradesh",22.720226,73.625917,Jnv Visakhapatnam Kommadi    ,Andhra Pradesh,India
"vizianagaram,andhra pradesh",28.195946,76.591449,Jnv Vizianagaram Kiltampalem    ,Andhra Pradesh,India
"west godavari,andhra pradesh",34.137399,74.802604,Jnv West Godavari Pedavegi  ,Andhra Pradesh,India
"east kameng,arunachal pradesh",13.32165,75.795848,Jnv East Kameng New Seppa,Arunachal Pradesh,India
"east siang,arunachal pradesh",17.329514,76.835802,Jnv East Siang Pasighat  ,Arunachal Pradesh,India
"itanagar,arunachal pradesh",9.507896,76.349564,Jnv Itanagar Capital Complex  ,Arunachal Pradesh,India
"kra daadi-kurung kumey,arunachal pradesh",28.003855,93.209361,Jnv Kra Daadi Kurung Kumey,Arunachal Pradesh,India
"l. dibang valley,arunachal pradesh",29.1132877,95.3975981,Jnv L Dibang Valley Roing,Arunachal Pradesh,India
"longding (tirap),arunachal pradesh",26.9895547,95.5024947,Jnv Longding Tirap Khapcho  ,Arunachal Pradesh,India
"lower subansiri,arunachal pradesh",27.5326327,93.7823245,Jnv Lower Subansiri Yachuli  ,Arunachal Pradesh,India
"namsai (lohit),arunachal pradesh",27.666201,95.877197,Jnv Namsai Lohit Mahadevpur  ,Arunachal Pradesh,India
"papumpare,arunachal pradesh",27.327049,93.718887,Jnv Papumpare Gumto    ,Arunachal Pradesh,India
"tawang,arunachal pradesh",27.6741942,91.9362059,Jnv Tawang Gorpudung    ,Arunachal Pradesh,India
"tirap,arunachal pradesh",27.030169,95.4979175,Jnv Tirap New Khonsa  ,Arunachal Pradesh,India
"upper siang,arunachal pradesh",28.7312046,95.0377315,Jnv Upper Siang Geku  ,Arunachal Pradesh,India
"upper subansiri,arunachal pradesh",28.2596054,94.0938106,Jnv Upper Subansiri Megdong  ,Arunachal Pradesh,India
"west kameng,arunachal pradesh",27.3386269,92.4333662,Jnv West Kameng Nafra  ,Arunachal Pradesh,India
"west siang,arunachal pradesh",28.1970922,94.48407,Jnv West Siang Kombo  ,Arunachal Pradesh,India
"anjaw,arunachal pradesh",28.1114301,96.8269996,Jnv Anjaw Hawai    ,Arunachal Pradesh,India
"changlang,arunachal pradesh",27.272007,96.065526,Jnv Changlang Goju    ,Arunachal Pradesh,India
"dibang valley,arunachal pradesh",28.8291044,95.9554096,Jnv Dibang Valley Angulini  ,Arunachal Pradesh,India
"baksa,assam",26.6275689,91.3388551,Jnv Baksa Adalbari    ,Assam,India
"barpeta,assam",26.345941,91.039708,Jnv Barpeta Chantabari    ,Assam,India
"bongaigaon,assam",26.4800126,90.5580387,Jnv Bongaigaon Kashidoba    ,Assam,India
"cachar,assam",24.75864,92.8816648,Jnv Cachar Pailapool    ,Assam,India
"chirang,assam",26.6464231,90.624157,Jnv Chirang Khamarguri    ,Assam,India
"darrang,assam",26.4373481,92.0047145,Jnv Darrang Udmari    ,Assam,India
"dhemaji,assam",27.5945155,94.7192098,Jnv Dhemaji Basudev Tinali  ,Assam,India
"dhubri,assam",26.132275,90.1249962,Jnv Dhubri Alomganj Part  ,Assam,India
"dibrugarh,assam",27.4844597,94.9019447,Jnv Dibrugarh Domardailong    ,Assam,India
"dima hasao (n.c. hills),assam",25.351184,93.087421,Jnv Dima Hasao Nc Hills,Assam,India
"goalpara,assam",26.0491877,90.6001859,Jnv Goalpara Dudhnoi    ,Assam,India
"golaghat,assam",26.5108262,93.9743686,Jnv Golaghat Chinatoli    ,Assam,India
"hailakandi,assam",24.6846916,92.5645836,Jnv Hailakandi Monacherra    ,Assam,India
"jorhat,assam",26.7577925,94.2079645,Jnv Jorhat Borera Gaon  ,Assam,India
"kamrup-1(rural),assam",26.212764,91.473112,Jnv Kamrup 1Rural Rangiya  ,Assam,India
"kamrup (urban)-ii,assam",30.354932,76.431771,Jnv Kamrup Urban Ii  ,Assam,India
"karbi anglong-1,assam",25.875669,92.792663,Jnv Karbi Anglong 1 Diphu,Assam,India
"west karbi anglong-2,assam",25.861203,92.82056,Jnv West Karbi Anglong  ,Assam,India
"karimganj,assam",24.5828195,92.3725486,Jnv Karimganj East Harinagar  ,Assam,India
"kokrajhar,assam",26.4912103,90.1215209,Jnv Kokrajhar Ranchaidham    ,Assam,India
"lakhimpur,assam",27.1763356,94.1992932,Jnv Lakhimpur Choudhapunia    ,Assam,India
"morigaon,assam",26.248606,92.3387945,Jnv Morigaon Dolochuba    ,Assam,India
"naugaon,assam",26.356906,92.674014,Jnv Naugaon Dhing    ,Assam,India
"nalbari,assam",26.3533631,91.3983662,Jnv Nalbari Danguapara Banekuchi  ,Assam,India
"sivasagar,assam",26.9834936,94.6394226,Jnv Sivasagar Tamtomtola    ,Assam,India
"sonitpur,assam",26.7677707,92.7014089,Jnv Sonitpur Kadamani    ,Assam,India
"tinsukia,assam",27.4879722,95.3601855,Jnv Tinsukia Rangajan    ,Assam,India
"udalguri,assam",26.7047237,92.0421507,Jnv Udalguri Sonaigaon    ,Assam,India
"Araria,bihar",26.2651013,87.3699437,Jnv Araria Rahikpur Arq  ,Bihar,India
"Arwal,bihar",25.1812831,84.6596648,Jnv Arwal Shivnagar    ,Bihar,India
"Aurangabad,bihar",24.80332,84.4110198,Jnv Aurangabad Barun Aubr  ,Bihar,India
"Banka,bihar",24.8328273,86.8161114,Jnv Banka Shaktinagar Baka  ,Bihar,India
"Begusarai,bihar",25.5125411,86.0883392,Jnv Begusarai Bishnupur Bgs  ,Bihar,India
"Bhagalpur,bihar",25.2861354,87.1304229,Jnv Bhagalpur Nagarpara Bgp  ,Bihar,India
"Bhojpur,bihar",25.4501182,84.5635193,Jnv Bhojpur Bihiya    ,Bihar,India
"Buxar,bihar",25.5044834,84.1097525,Jnv Buxar Nawanagar Bxr  ,Bihar,India
"Darbhanga,bihar",26.0829899,86.0324951,Jnv Darbhanga Pacharhi Dbg  ,Bihar,India
"East Champaran,bihar",26.6393261,84.8990136,Jnv East Champaran Piprakothi  ,Bihar,India
"Jethian Gaya,bihar",24.9293901,85.314193,Jnv Jethian Gaya   Gaya,Bihar,India
"Sherghati Gaya,bihar",24.593939,84.8478903,Jnv Sherghati Gaya   Gaya,Bihar,India
"Gopalganj,bihar",26.4211166,84.3739133,Jnv Gopalganj Balesara Gopg  ,Bihar,India
"Jamui,bihar",24.7562513,86.3011128,Jnv Jamui Barhat Jmu  ,Bihar,India
"Jehanabad,bihar",25.1529578,85.0065043,Jnv Jehanabad Makpa Jhd  ,Bihar,India
"Khagaria,bihar",25.4930513,86.6982264,Jnv Khagaria Sonvarsha Ghat  ,Bihar,India
"Kishanganj,bihar",26.2984144,87.9466715,Jnv Kishanganj Motihara Kne  ,Bihar,India
"Kaimur,bihar",24.975466,83.5768379,Jnv Kaimur Chaurasia Bxr  ,Bihar,India
"Katihar,bihar",25.5586421,87.6457196,Jnv Katihar Kolasi Kir  ,Bihar,India
"Lakhisarai,bihar",25.1543938,86.1744959,Jnv Lakhisarai Barhiya Lkr  ,Bihar,India
"Madhepura,bihar",25.7806118,86.9364753,Jnv Madhepura Sukhasan Mdp  ,Bihar,India
"Madhubani,bihar",26.3503076,86.2296424,Jnv Madhubani Ranti Mbi  ,Bihar,India
"Munger,bihar",25.2202864,86.5161484,Jnv Munger Ramankabad Mgr  ,Bihar,India
"Muzaffarpur,bihar",26.1482548,85.3316097,Jnv Muzaffarpur Kharaundih Mfp  ,Bihar,India
"Nalanda,bihar",25.1364914,85.4436546,Jnv Nalanda Rajgir Nldo  ,Bihar,India
"Nawada,bihar",24.8173249,85.5179085,Jnv Nawada Rewar Nwd  ,Bihar,India
"Patna,bihar",25.6093239,85.1235252,Jnv Patna Bikram Pnbe  ,Bihar,India
"Purnea,bihar",25.7773601,87.4731227,Jnv Purnea Garhbanaili Prna Purnia,Bihar,India
"Rohtas,bihar",24.9394142,84.0197031,Jnv Rohtas Nawadih Ssmt  ,Bihar,India
"Saharsa,bihar",25.8330757,86.6143751,Jnv Saharsa Bariyahi Shc  ,Bihar,India
"Samastipur,bihar",25.7747884,85.8672314,Jnv Samastipur Birauli Spj  ,Bihar,India
"Saran,bihar",25.9214451,84.7759731,Jnv Saran Deoti See  ,Bihar,India
"Sheikhpura,bihar",25.1250741,85.8160771,Jnv Sheikhpura Sheikhpura Shk  ,Bihar,India
"Sheohar,bihar",26.4934234,85.2717561,Jnv Sheohar Bisahi    ,Bihar,India
"Sitamarhi,bihar",26.5942841,85.500428,Jnv Sitamarhi Khairvi Smi  ,Bihar,India
"Siwan,bihar",26.131008,84.3910745,Jnv Siwan Karmali Hata  ,Bihar,India
"Supaul,bihar",26.2768089,86.7959614,Jnv Supaul Pathara Spp  ,Bihar,India
"Vaishali,bihar",25.7491702,85.3972164,Jnv Vaishali Wafapur Sharma  ,Bihar,India
"West Champaran,bihar",27.0518367,84.3351209,Jnv West Champaran Vrindavan  ,Bihar,India
"chandigarh,chandigarh",30.7334421,76.7797143,Jnv Chandigarh Sector 25 West,Chandigarh,India
"balod,chhattisgarh",20.7277192,81.1446948,Jnv Balod Dudhli    ,Chhattisgarh,India
"baloda bazar,chhattisgarh",21.5731848,82.2994821,Jnv Baloda Bazar Lawan  ,Chhattisgarh,India
"balrampur,chhattisgarh",23.6282576,83.4810916,Jnv Balrampur Bhelwadih    ,Chhattisgarh,India
"bastar,chhattisgarh",19.1191282,81.8291865,Jnv Bastar Dharampura    ,Chhattisgarh,India
"bemetara,chhattisgarh",21.6783867,81.4412578,Jnv Bemetara Khilora    ,Chhattisgarh,India
"bijapur,chhattisgarh",18.7935679,80.815939,Jnv Bijapur Bijapur    ,Chhattisgarh,India
"bilaspur,chhattisgarh",22.1638486,82.1365923,Jnv Bilaspur Malhar    ,Chhattisgarh,India
"dantewada,chhattisgarh",18.8640648,81.3833947,Jnv Dantewada Barsoor    ,Chhattisgarh,India
"dhamtari,chhattisgarh",20.5326259,81.7155987,Jnv Dhamtari Kurud    ,Chhattisgarh,India
"durg,chhattisgarh",21.1982964,81.4007922,Jnv Durg Borai    ,Chhattisgarh,India
"gariyaband,chhattisgarh",20.526756,82.1917217,Jnv Gariyaband Rajim    ,Chhattisgarh,India
"janjgir champa,chhattisgarh",21.986403,82.5536606,Jnv Janjgir Champa Chisda  ,Chhattisgarh,India
"jashpur,chhattisgarh",22.770251,83.9708013,Jnv Jashpur Kunkurri    ,Chhattisgarh,India
"kabirdham,chhattisgarh",22.1150085,81.2446944,Jnv Kabirdham Udiyakala    ,Chhattisgarh,India
"kanker,chhattisgarh",20.2692747,81.4932111,Jnv Kanker Karappo    ,Chhattisgarh,India
"kondagaon,chhattisgarh",19.5885769,81.6628742,Jnv Kondagaon Vikas Nagar  ,Chhattisgarh,India
"korba,chhattisgarh",22.5198217,82.6350029,Jnv Korba Salora    ,Chhattisgarh,India
"korea,chhattisgarh",23.2382999,82.3906588,Jnv Korea Baikunthpur    ,Chhattisgarh,India
"mahasamund,chhattisgarh",21.1922846,82.4890263,Jnv Mahasamund Chhattigirola    ,Chhattisgarh,India
"mungeli,chhattisgarh",22.0661098,81.6874282,Jnv Mungeli Chatarkhar    ,Chhattisgarh,India
"narayanpur (bastar),chhattisgarh",19.567322,81.368103,Jnv Narayanpur Bastar Garanji  ,Chhattisgarh,India
"raigarh,chhattisgarh",22.2361795,83.3529534,Jnv Raigarh Bhupdevpur    ,Chhattisgarh,India
"raipur,chhattisgarh",21.2380912,81.6336993,Jnv Raipur Mana Camp  ,Chhattisgarh,India
"rajnandgaon,chhattisgarh",21.0684424,80.7970779,Jnv Rajnandgaon Dongargarh    ,Chhattisgarh,India
"surajpur,chhattisgarh",23.3577769,82.9761277,Jnv Surajpur Basdei    ,Chhattisgarh,India
"sarguja,chhattisgarh",22.927858,83.226959,Jnv Sarguja Batauli    ,Chhattisgarh,India
"sukma-i,chhattisgarh",18.3932222,81.6569457,Jnv Sukma I Kumharras  ,Chhattisgarh,India
"sukma-ii,chhattisgarh",18.3932222,81.6569457,Jnv Sukma Ii Dornapal  ,Chhattisgarh,India
"sili,dadra and nagar haveli and daman and diu",20.30936,73.050765,Jnv Sili Sili   Dnhdd,Dadra And Nagar Haveli And Daman And Diu,India
"daman,dadra and nagar haveli and daman and diu",20.4169701,72.833173,Jnv Daman Duneetha   Dnhdd,Dadra And Nagar Haveli And Daman And Diu,India
"diu,dadra and nagar haveli and daman and diu",20.7137783,70.9853635,Jnv Diu Bucharwada   Dnhdd,Dadra And Nagar Haveli And Daman And Diu,India
"east delhi,delhi",28.6117432,77.2982794,Jnv East Delhi Delhi  ,Delhi,India
"north delhi,delhi",28.7872279,77.0980903,Jnv North Delhi Sarvodaya Kanya,Delhi,India
"north east delhi,delhi",28.7233079,77.2668565,Jnv North East Delhi Delhi,Delhi,India
"north west delhi,delhi",28.7379144,77.0100626,Jnv North West Delhi Mungeshpur,Delhi,India
"shahdara,delhi",28.6758661,77.2985078,Jnv Shahdara Mungeshpur    ,Delhi,India
"south delhi,delhi",28.4851694,77.1963652,Jnv South Delhi   Delhi,Delhi,India
"south east delhi,delhi",28.5448946,77.2723284,Jnv South East Delhi  ,Delhi,India
"south west delhi,,delhi",28.5864481,76.979153,Jnv South West Delhi Jaffarpur,Delhi,India
"west delhi,delhi",28.6545456,77.0810555,Jnv West Delhi   Delhi,Delhi,India
"north goa,goa",15.6044413,74.0017241,Jnv North Goa Valpoi  ,Goa,India
"south goa,goa",15.219624,74.1159085,Jnv South Goa Canacona  ,Goa,India
"ahmedabad,gujarat",23.0215374,72.5800568,Jnv Ahmedabad Old Narol Court,Gujarat,India
"amreli,gujarat",21.4176122,71.249609,Jnv Amreli Mota Bhandariya  ,Gujarat,India
"anand,gujarat",22.5586555,72.9627227,Jnv Anand Bhadran    ,Gujarat,India
"aravalli,gujarat",23.4843216,73.3986096,Jnv Aravalli Shaktinagar    ,Gujarat,India
"banaskantha,gujarat",24.2693921,72.1620246,Jnv Banaskantha Dantiwada    ,Gujarat,India
"bharuch,gujarat",21.7080427,72.9956936,Jnv Bharuch Roopnagar    ,Gujarat,India
"bhavnagar,gujarat",21.7718836,72.1416449,Jnv Bhavnagar Trapaj Bunglow  ,Gujarat,India
"botad,gujarat",22.0467097,71.6689617,Jnv Botad Moti Kundal Gadhada,Gujarat,India
"chhota udaipur,gujarat",22.2224345,73.7778749,Jnv Chhota Udaipur Kadipani  ,Gujarat,India
"dahod-i,gujarat",22.8358786,74.2556823,Jnv Dahod I Kharedi  ,Gujarat,India
"dahod-ii,gujarat",22.8358786,74.2556823,Jnv Dahod Ii Limkheda Palli,Gujarat,India
"dangs,gujarat",20.75,73.75,Jnv Dangs Saputara    ,Gujarat,India
"devbhumi dwarka,gujarat",22.2475106,68.968244,Jnv Devbhumi Dwarka Kalyanpur  ,Gujarat,India
"gandhinagar,gujarat",23.2232877,72.6492267,Jnv Gandhinagar Sametri    ,Gujarat,India
"jamnagar,gujarat",22.4732415,70.0552102,Jnv Jamnagar Aliabada    ,Gujarat,India
"gir somnath,gujarat",20.9298181,70.7627578,Jnv Gir Somnath Kadvasan  ,Gujarat,India
"junagarh,gujarat",21.25,70.333333,Jnv Junagarh Junagarh    ,Gujarat,India
"kheda,gujarat",22.8532503,72.9953586,Jnv Kheda Kathlal    ,Gujarat,India
"kutch,gujarat",23.583333,70,Jnv Kutch Dumra    ,Gujarat,India
"mahisagar,gujarat",23.1912194,73.6644398,Jnv Mahisagar Balasinore    ,Gujarat,India
"mehsana,gujarat",23.6012628,72.3741516,Jnv Mehsana Vadnagar    ,Gujarat,India
"morbi,gujarat",22.8003959,70.886232,Jnv Morbi Kothariya    ,Gujarat,India
"narmada,gujarat",21.7392624,73.6262458,Jnv Narmada Bhumaliya Road  ,Gujarat,India
"navasari,gujarat",20.9490934,72.917558,Jnv Navasari Roopvel Raywadi  ,Gujarat,India
"panchamahal,gujarat",22.720226,73.625917,Jnv Panchamahal Vejalpur    ,Gujarat,India
"patan,gujarat",23.773753,71.6798581,Jnv Patan Lanva    ,Gujarat,India
"porbandar,gujarat",21.6409,69.611,Jnv Porbandar Dharampur Patiya  ,Gujarat,India
"rajkot,gujarat",22.3053263,70.8028377,Jnv Rajkot Targhadi    ,Gujarat,India
"sabarkantha,gujarat",23.8688505,73.013784,Jnv Sabarkantha Kadiyadara    ,Gujarat,India
"tapi,gujarat",21.1916567,73.5560631,Jnv Tapi Borkhadi    ,Gujarat,India
"surat,gujarat",21.2094892,72.8317058,Jnv Surat Malda    ,Gujarat,India
"surendranagar,gujarat",22.8251395,71.6209736,Jnv Surendranagar Haripar    ,Gujarat,India
"vadodara,gujarat",22.2973142,73.1942567,Jnv Vadodara Sadhi Padra  ,Gujarat,India
"valsad,gujarat",20.4321957,73.1409893,Jnv Valsad Ambheti    ,Gujarat,India
"ambala,haryana",30.3843674,76.770421,Jnv Ambala Kaulan    ,Haryana,India
"bhiwani,haryana",28.7931703,76.1391283,Jnv Bhiwani Devrala    ,Haryana,India
"faridabad,haryana",28.4031478,77.3105561,Jnv Faridabad Mothuka    ,Haryana,India
"fatehabad,haryana",29.5359209,75.5752901,Jnv Fatehabad Khera Kheri  ,Haryana,India
"gurugram,haryana",28.4646148,77.0299194,Jnv Gurugram Mohammadpur    ,Haryana,India
"hissar,haryana",29.839171,76.4373052,Jnv Hissar Pabra    ,Haryana,India
"jhajjar,haryana",28.5964461,76.6505366,Jnv Jhajjar Kaloi    ,Haryana,India
"jind,haryana",29.3152073,76.314082,Jnv Jind Khunga Kothi  ,Haryana,India
"kaithal,haryana",29.7996588,76.3989903,Jnv Kaithal Titram    ,Haryana,India
"karnal,haryana",29.7255766,76.9106924,Jnv Karnal Sagga    ,Haryana,India
"kurukshetra,haryana",29.9693747,76.8482787,Jnv Kurukshetra Niwarsi    ,Haryana,India
"nuh-mewat,haryana",28.2088016,77.0576632,Jnv Nuh Mewat Bali  ,Haryana,India
"mohindergarh,haryana",28.195946,76.591449,Jnv Mohindergarh Kareera    ,Haryana,India
"palwal,haryana",28.0599426,77.3223422,Jnv Palwal Gadpuri    ,Haryana,India
"panchkula,haryana",30.6975401,76.8551066,Jnv Panchkula Mouli    ,Haryana,India
"panipat,haryana",29.3912753,76.9771675,Jnv Panipat Naultha    ,Haryana,India
"rewari,haryana",28.1956468,76.6165179,Jnv Rewari Naichana    ,Haryana,India
"rohtak,haryana",28.9010899,76.5801935,Jnv Rohtak Ghuskani    ,Haryana,India
"sirsa,haryana",29.6063041,74.9036568,Jnv Sirsa Odhan    ,Haryana,India
"sonepat,haryana",28.99197,77.0342633,Jnv Sonepat Butana    ,Haryana,India
"yamunanagar,haryana",30.1231349,77.286329,Jnv Yamunanagar Gulabgarh    ,Haryana,India
"bilaspur,himachal pradesh",31.3380959,76.7611631,Jnv Bilaspur Kothipura    ,Himachal Pradesh,India
"chamba,himachal pradesh",32.6923316,76.1631552,Jnv Chamba Sarol    ,Himachal Pradesh,India
"hamirpur,himachal pradesh",31.6539865,76.5403633,Jnv Hamirpur Dungrin    ,Himachal Pradesh,India
"kangra,himachal pradesh",32.0768665,76.2985872,Jnv Kangra Paprola    ,Himachal Pradesh,India
"kinnaur,himachal pradesh",31.593013,78.3281417,Jnv Kinnaur Rekong Peo  ,Himachal Pradesh,India
"kullu,himachal pradesh",31.9578974,77.1089232,Jnv Kullu Bandrol    ,Himachal Pradesh,India
"lahaul spiti,himachal pradesh",32.5015861,77.5789891,Jnv Lahaul Spiti Kaza  ,Himachal Pradesh,India
"mandi,himachal pradesh",31.6516617,77.0092542,Jnv Mandi Seog    ,Himachal Pradesh,India
"shimla,himachal pradesh",31.1041526,77.1709729,Jnv Shimla Deorighat    ,Himachal Pradesh,India
"sirmour,himachal pradesh",30.4968292,77.4733243,Jnv Sirmour Judda Ka Johar,Himachal Pradesh,India
"solan,himachal pradesh",30.9077569,77.1023645,Jnv Solan Kunihar    ,Himachal Pradesh,India
"una,himachal pradesh",31.5834642,76.2351452,Jnv Una Pekhubela    ,Himachal Pradesh,India
"anantnag,jammu and kashmir",33.74611,75.1854475,Jnv Anantnag Aishmuquam    ,Jammu And Kashmir,India
"bandipora,jammu and kashmir",34.4232433,74.635965,Jnv Bandipora Bandipora    ,Jammu And Kashmir,India
"baramulla,jammu and kashmir",34.2086903,74.343498,Jnv Baramulla Shahkote    ,Jammu And Kashmir,India
"budgam,jammu and kashmir",33.9098746,74.6270357,Jnv Budgam Khanpora    ,Jammu And Kashmir,India
"doda,jammu and kashmir",33.13261,75.5890079,Jnv Doda Arnora Ghat  ,Jammu And Kashmir,India
"ganderbal (srinagar),jammu and kashmir",34.137399,74.802604,Jnv Ganderbal Srinagar Hathbara  ,Jammu And Kashmir,India
"jammu-i,jammu and kashmir",32.7185614,74.8580917,Jnv Jammu I Gharota  ,Jammu And Kashmir,India
"jammu-ii,jammu and kashmir",34.0846516,74.7817801,Jnv Jammu Ii Nardiwala  ,Jammu And Kashmir,India
"kathua,jammu and kashmir",32.3765524,75.5243044,Jnv Kathua Basohli    ,Jammu And Kashmir,India
"kishtwar,jammu and kashmir",33.3107908,75.7694213,Jnv Kishtwar Nhpc Campus  ,Jammu And Kashmir,India
"kulgam,jammu and kashmir",33.6446899,75.0188432,Jnv Kulgam Mirhama    ,Jammu And Kashmir,India
"kupwara,jammu and kashmir",34.5140696,74.191367,Jnv Kupwara Putushai    ,Jammu And Kashmir,India
"pulwama,jammu and kashmir",33.9490472,75.0418335,Jnv Pulwama Nownagri    ,Jammu And Kashmir,India
"poonch,jammu and kashmir",33.7670004,74.0957143,Jnv Poonch Surankote    ,Jammu And Kashmir,India
"rajouri,jammu and kashmir",33.3772495,74.3132332,Jnv Rajouri Kotranka    ,Jammu And Kashmir,India
"ramban,jammu and kashmir",33.2116371,75.2050989,Jnv Ramban Batote    ,Jammu And Kashmir,India
"reasi,jammu and kashmir",33.0691032,74.8378698,Jnv Reasi Mari    ,Jammu And Kashmir,India
"samba,jammu and kashmir",32.5759118,75.1203446,Jnv Samba Nud    ,Jammu And Kashmir,India
"shopian,jammu and kashmir",33.7207837,74.7714244,Jnv Shopian Aglar    ,Jammu And Kashmir,India
"srinagar,jammu and kashmir",34.0747444,74.8204443,Jnv Srinagar Srinagar    ,Jammu And Kashmir,India
"udhampur,jammu and kashmir",32.9219726,75.1331482,Jnv Udhampur Rakh Jaganoo  ,Jammu And Kashmir,India
"bokaro,jharkhand",23.6991279,85.9910689,Jnv Bokaro Tenughat    ,Jharkhand,India
"chatra,jharkhand",24.1062316,84.8623379,Jnv Chatra Simariya    ,Jharkhand,India
"deoghar,jharkhand",24.4898318,86.6990182,Jnv Deoghar Rikhiya    ,Jharkhand,India
"dhanbad,jharkhand",23.7952809,86.4309638,Jnv Dhanbad Benagoria    ,Jharkhand,India
"dumka,jharkhand",24.2677937,87.2485495,Jnv Dumka Hansdiha    ,Jharkhand,India
"east singhbhum,jharkhand",22.613184,86.3819399,Jnv East Singhbhum Baharagora  ,Jharkhand,India
"garhwa,jharkhand",24.053577,83.6526818,Jnv Garhwa Annaraj    ,Jharkhand,India
"giridih,jharkhand",24.3314546,86.1548117,Jnv Giridih Gandey    ,Jharkhand,India
"godda,jharkhand",24.8645886,87.2984838,Jnv Godda Dhankunda    ,Jharkhand,India
"gumla,jharkhand",23.1603759,84.4599565,Jnv Gumla Masaria Dam Ghaghra,Jharkhand,India
"hazaribagh,jharkhand",24.0866962,85.4912231,Jnv Hazaribagh Bonga    ,Jharkhand,India
"jamtara,jharkhand",23.9801639,86.9243637,Jnv Jamtara Tambajere    ,Jharkhand,India
"khunti,jharkhand",22.9281801,85.2814475,Jnv Khunti Birhu Karra Road,Jharkhand,India
"koderma,jharkhand",24.4931239,85.5560811,Jnv Koderma Puto    ,Jharkhand,India
"latehar,jharkhand",23.6880057,84.4969551,Jnv Latehar Bajkum    ,Jharkhand,India
"lohardaga,jharkhand",23.4770044,84.6986684,Jnv Lohardaga Jogna    ,Jharkhand,India
"pakur-1,jharkhand",24.6392767,87.8423714,Jnv Pakur 1 Teliyapokhar  ,Jharkhand,India
"pakur-ii,jharkhand",24.6392767,87.8423714,Jnv Pakur Ii Silampur  ,Jharkhand,India
"palamu-i,jharkhand",24.5311232,84.0029691,Jnv Palamu I Nawatoli  ,Jharkhand,India
"palamu-ii,jharkhand",24.5311232,84.0029691,Jnv Palamu Ii Japla  ,Jharkhand,India
"ramgarh,jharkhand",23.693479,85.5215989,Jnv Ramgarh Patratu Road  ,Jharkhand,India
"ranchi,jharkhand",23.3700501,85.3250387,Jnv Ranchi Bit Mesra  ,Jharkhand,India
"sahebganj,jharkhand",25.0320437,87.691764,Jnv Sahebganj Stadium Road  ,Jharkhand,India
"saraikela,jharkhand",22.7464225,85.9168929,Jnv Saraikela Sijulata    ,Jharkhand,India
"simdega,jharkhand",22.5904573,84.5464805,Jnv Simdega Bano Road  ,Jharkhand,India
"west singhbhum,jharkhand",22.4282857,85.5317483,Jnv West Singhbhum Bishnupur  ,Jharkhand,India
"bagalkot,karnataka",16.1793224,75.6999315,Jnv Bagalkot Kulgeri Cross  ,Karnataka,India
"bangalore rural,karnataka",13.0010872,77.3361225,Jnv Bangalore Rural Doddaballapur  ,Karnataka,India
"bangalore (urban),karnataka",13,77.583333,Jnv Bangalore Urban Bagalur  ,Karnataka,India
"belgaum,karnataka",15.8572666,74.5069343,Jnv Belgaum Kothali    ,Karnataka,India
"bellary,karnataka",15.1430224,76.9173277,Jnv Bellary Chikkajogihally    ,Karnataka,India
"bidar,karnataka",18.0207297,77.2487204,Jnv Bidar Narayanpur    ,Karnataka,India
"bijapur,karnataka",16.8269911,75.7175387,Jnv Bijapur Almatti Dam Site,Karnataka,India
"chamarajanagar,karnataka",11.95442,77.1069086,Jnv Chamarajanagar Hondrabalu    ,Karnataka,India
"chikkaballapura,karnataka",13.5897941,77.778793,Jnv Chikkaballapura Yenigadale    ,Karnataka,India
"chickmagalur,karnataka",13.32165,75.795848,Jnv Chickmagalur Balehonnur    ,Karnataka,India
"chitradurga,karnataka",14.3049174,76.5296667,Jnv Chitradurga Uduvalli    ,Karnataka,India
"davangere,karnataka",14.4661266,75.9206361,Jnv Davangere Devarahalli    ,Karnataka,India
"dharwad,karnataka",15.3707296,75.1332867,Jnv Dharwad Kyarakoppa    ,Karnataka,India
"gadag,karnataka",15.416692,75.6815801,Jnv Gadag Korilahalli    ,Karnataka,India
"hassan,karnataka",13.0301852,76.1744968,Jnv Hassan Mavinakere    ,Karnataka,India
"haveri,karnataka",14.7180267,75.3656423,Jnv Haveri Maharajpet    ,Karnataka,India
"kalaburagi-1,karnataka",17.3310003,76.8334228,Jnv Kalaburagi 1   Town,Karnataka,India
"kalaburagi-2,karnataka",17.3310003,76.8334228,Jnv Kalaburagi 2 Korwar  ,Karnataka,India
"kodagu,karnataka",12.3827332,75.6640715,Jnv Kodagu Madikeri    ,Karnataka,India
"kolar,karnataka",13.1805066,78.2669329,Jnv Kolar Vokkaleri    ,Karnataka,India
"koppal,karnataka",15.5748238,76.3118494,Jnv Koppal Kuknoor    ,Karnataka,India
"mandya,karnataka",12.6368939,76.7275477,Jnv Mandya Shivaragudda    ,Karnataka,India
"mysore,karnataka",12.3051828,76.6553609,Jnv Mysore D M  ,Karnataka,India
"uttara kannada,karnataka",14.7253795,74.6403389,Jnv Uttara Kannada Panchavati  ,Karnataka,India
"raichur,karnataka",16.0547194,76.9003647,Jnv Raichur Kannapur Hatti  ,Karnataka,India
"ramanagara,karnataka",12.720006,77.3184199,Jnv Ramanagara Shivanahalli    ,Karnataka,India
"shimoga,karnataka",14.0556502,75.2380553,Jnv Shimoga Gajanur    ,Karnataka,India
"south canara,karnataka",12.9345803,77.5893442,Jnv South Canara Mudipu  ,Karnataka,India
"tumkur,karnataka",13.3400771,77.1006208,Jnv Tumkur Gollahalli    ,Karnataka,India
"udupi,karnataka",13.5269784,74.8731879,Jnv Udupi Chara    ,Karnataka,India
"yadagiri (gulbarga),karnataka",17.329514,76.835802,Jnv Yadagiri Gulbarga Hothpet  ,Karnataka,India
"allapuzha (alleppey),kerala",9.507896,76.349564,Jnv Allapuzha Alleppey Chennithala  ,Kerala,India
"ernakulam,kerala",9.9837257,76.2740001,Jnv Ernakulam Neriamangalam    ,Kerala,India
"idukki,kerala",9.8154785,76.9991599,Jnv Idukki Kulamavu    ,Kerala,India
"kannur,kerala",11.8763836,75.3737973,Jnv Kannur Chendayad    ,Kerala,India
"kasargod,kerala",12.4914722,74.9877613,Jnv Kasargod Periye    ,Kerala,India
"kozhikode,kerala",11.2450558,75.7754716,Jnv Kozhikode Vadakara    ,Kerala,India
"kollam,kerala",8.8870815,76.5907017,Jnv Kollam Kottarakara    ,Kerala,India
"kottayam,kerala",9.6287383,76.6455326,Jnv Kottayam Madhavanpady    ,Kerala,India
"malappuram,kerala",11.1068448,76.1099551,Jnv Malappuram Venkulam    ,Kerala,India
"palakkad,kerala",10.7873691,76.4742172,Jnv Palakkad Malampuzha    ,Kerala,India
"pathanamthitta,kerala",9.2780841,76.9737443,Jnv Pathanamthitta Vecchoochira    ,Kerala,India
"thiruvananthapuram,kerala",8.4882267,76.947551,Jnv Thiruvananthapuram Vithura    ,Kerala,India
"trissur,kerala",10.4158234,76.1419315,Jnv Trissur Mayannur    ,Kerala,India
"wayanad,kerala",11.7151291,76.1271185,Jnv Wayanad Lakkidi    ,Kerala,India
"kargil,ladakh",33.802819,76.4730096,Jnv Kargil Khumbathang    ,Ladakh,India
"leh- ladakh,ladakh",34.1718527,77.5866776,Jnv Leh Ladakh    ,Ladakh,India
"minicoy,lakshadweep",8.295235,73.0648394,Jnv Minicoy Minicoy    ,Lakshadweep,India
"agar malwa,madhya pradesh",23.935092,76.1449595,Jnv Agar Malwa Susner  ,Madhya Pradesh,India
"alirajpur,madhya pradesh",22.2859524,74.3545628,Jnv Alirajpur Alirajur    ,Madhya Pradesh,India
"anuppur,madhya pradesh",23.0346179,81.7510255,Jnv Anuppur Amarkantak    ,Madhya Pradesh,India
"ashoknagar,madhya pradesh",24.6186095,77.8786983,Jnv Ashoknagar Khiriya Devat  ,Madhya Pradesh,India
"balaghat,madhya pradesh",21.8611589,80.3237105,Jnv Balaghat Waraseoni    ,Madhya Pradesh,India
"badwani,madhya pradesh",22.189749,77.287809,Jnv Badwani Ozhar    ,Madhya Pradesh,India
"betul,madhya pradesh",21.8797472,77.8753651,Jnv Betul Prabhat Pattan  ,Madhya Pradesh,India
"bhind,madhya pradesh",26.3518828,78.6863189,Jnv Bhind Birkhadi    ,Madhya Pradesh,India
"bhopal,madhya pradesh",23.2584857,77.401989,Jnv Bhopal Ratibad    ,Madhya Pradesh,India
"burhanpur,madhya pradesh",21.3348669,76.3708803,Jnv Burhanpur Loni    ,Madhya Pradesh,India
"chhatarpur,madhya pradesh",24.7606089,79.6781776,Jnv Chhatarpur Nowgong    ,Madhya Pradesh,India
"chhindwara,madhya pradesh",22.2071897,78.798833,Jnv Chhindwara Singodi    ,Madhya Pradesh,India
"damoh,madhya pradesh",23.7981005,79.5419356,Jnv Damoh Hatta    ,Madhya Pradesh,India
"datia,madhya pradesh",25.9182946,78.6644962,Jnv Datia Beekar    ,Madhya Pradesh,India
"dewas,madhya pradesh",22.8057498,76.2940408,Jnv Dewas Kantaphod    ,Madhya Pradesh,India
"dhar,madhya pradesh",22.5786572,75.2258637,Jnv Dhar Multhan    ,Madhya Pradesh,India
"dindori,madhya pradesh",22.9070871,80.8846924,Jnv Dindori Dhamangaon    ,Madhya Pradesh,India
"guna,madhya pradesh",24.5001772,77.2600959,Jnv Guna Bajrangagarh    ,Madhya Pradesh,India
"gwalior,madhya pradesh",26.2037247,78.1573628,Jnv Gwalior Pichhore    ,Madhya Pradesh,India
"harda,madhya pradesh",22.2427972,77.1179173,Jnv Harda Charuwa    ,Madhya Pradesh,India
"narmadapuram,madhya pradesh",22.6002833,77.9269848,Jnv Narmadapuram Pawarkheda    ,Madhya Pradesh,India
"indore,madhya pradesh",22.7203616,75.8681996,Jnv Indore Manpur    ,Madhya Pradesh,India
"jabalpur,madhya pradesh",23.1701522,79.9324505,Jnv Jabalpur Barginagar    ,Madhya Pradesh,India
"jhabua-i,madhya pradesh",22.760543,74.6049526,Jnv Jhabua I Ratialai  ,Madhya Pradesh,India
"jhabua-ii,madhya pradesh",22.760543,74.6049526,Jnv Jhabua Ii Thandla  ,Madhya Pradesh,India
"katni,madhya pradesh",23.7176393,80.2610181,Jnv Katni Badwara    ,Madhya Pradesh,India
"khandwa,madhya pradesh",21.8203752,76.3555424,Jnv Khandwa Pandhana    ,Madhya Pradesh,India
"khargone,madhya pradesh",21.9544729,75.7521248,Jnv Khargone Junapani    ,Madhya Pradesh,India
"mandla,madhya pradesh",22.6871074,80.5816341,Jnv Mandla Padmi    ,Madhya Pradesh,India
"mandsaur,madhya pradesh",24.2628148,75.385692,Jnv Mandsaur Laduna    ,Madhya Pradesh,India
"morena,madhya pradesh",26.3849794,77.8612721,Jnv Morena Joura    ,Madhya Pradesh,India
"narsinghpur,madhya pradesh",22.934556,79.0867849,Jnv Narsinghpur Bohani    ,Madhya Pradesh,India
"neemuch,madhya pradesh",24.6305517,75.1829,Jnv Neemuch Rampura    ,Madhya Pradesh,India
"panna,madhya pradesh",24.4498931,80.1462723,Jnv Panna Ramkhiriya    ,Madhya Pradesh,India
"raisen,madhya pradesh",23.2675909,78.1727134,Jnv Raisen Bari    ,Madhya Pradesh,India
"rajgarh,madhya pradesh",23.8716706,76.7744703,Jnv Rajgarh Kachnaria    ,Madhya Pradesh,India
"ratlam-i,madhya pradesh",23.3311044,75.0360846,Jnv Ratlam I Kalukheda  ,Madhya Pradesh,India
"ratlam-ii,madhya pradesh",23.3311044,75.0360846,Jnv Ratlam Ii Alote  ,Madhya Pradesh,India
"rewa,madhya pradesh",24.7560846,81.3810574,Jnv Rewa Sirmour    ,Madhya Pradesh,India
"sagar,madhya pradesh",23.8083076,78.758254,Jnv Sagar Khurai    ,Madhya Pradesh,India
"satna,madhya pradesh",24.6954445,80.7770348,Jnv Satna Rahikwara    ,Madhya Pradesh,India
"sehore,madhya pradesh",23.1150041,77.0665356,Jnv Sehore Shyampur    ,Madhya Pradesh,India
"seoni,madhya pradesh",22.2748109,79.7202522,Jnv Seoni Kanhiwara    ,Madhya Pradesh,India
"shahdol,madhya pradesh",23.3002343,81.364771,Jnv Shahdol Mau    ,Madhya Pradesh,India
"shajapur,madhya pradesh",23.4171001,76.6074794,Jnv Shajapur Araniyakala    ,Madhya Pradesh,India
"sheopur,madhya pradesh",25.7499266,76.9212945,Jnv Sheopur Jaida    ,Madhya Pradesh,India
"shivpuri,madhya pradesh",25.3741215,77.8278866,Jnv Shivpuri Panghata    ,Madhya Pradesh,India
"sidhi,madhya pradesh",24.2112687,81.7000415,Jnv Sidhi Churhat    ,Madhya Pradesh,India
"singrauli,madhya pradesh",24.2431343,82.3827672,Jnv Singrauli Pachaur    ,Madhya Pradesh,India
"tikamgarh,madhya pradesh",24.8552105,79.0472546,Jnv Tikamgarh Kundeshwar    ,Madhya Pradesh,India
"ujjain-i,madhya pradesh",23.1885131,75.7716562,Jnv Ujjain I Ghattiya  ,Madhya Pradesh,India
"ujjain-ii,madhya pradesh",23.1885131,75.7716562,Jnv Ujjain Ii Buranabad  ,Madhya Pradesh,India
"umaria,madhya pradesh",23.6431837,80.9419078,Jnv Umaria Pali    ,Madhya Pradesh,India
"vidisha,madhya pradesh",23.8463003,77.8370209,Jnv Vidisha Shamshabad    ,Madhya Pradesh,India
"ahmednagar,maharashtra",19.1627725,74.8580243,Jnv Ahmednagar Takli Dhokeshwar  ,Maharashtra,India
"akola,maharashtra",20.7618123,77.1921157,Jnv Akola Murtizapur    ,Maharashtra,India
"amravati,maharashtra",21.1545412,77.6442962,Jnv Amravati Navsari    ,Maharashtra,India
"chh. sambhajinagar-aurangabad,maharashtra",19.913139,75.386351,Jnv Chh Sambhajinagar Aurangabad Kannad,Maharashtra,India
"bhandara,maharashtra",21.1225869,79.794509,Jnv Bhandara Jaketdhar School Campus,Maharashtra,India
"beed,maharashtra",18.9918442,75.909784,Jnv Beed Gadhi    ,Maharashtra,India
"buldana,maharashtra",20.562845,76.4086986,Jnv Buldana Chincholi    ,Maharashtra,India
"chandrapur,maharashtra",20.0967555,79.5045475,Jnv Chandrapur Talodhi    ,Maharashtra,India
"dhule,maharashtra",21.1305215,74.4900614,Jnv Dhule Nakane    ,Maharashtra,India
"gadchiroli,maharashtra",19.7590704,80.1622807,Jnv Gadchiroli Ghot    ,Maharashtra,India
"gondia,maharashtra",21.455228,80.1962729,Jnv Gondia Navegaon Bandh  ,Maharashtra,India
"hingoli (parbhani),maharashtra",19.6736868,76.6915674,Jnv Hingoli Parbhani Basmatnagar  ,Maharashtra,India
"jalgaon,maharashtra",20.8428826,75.5261246,Jnv Jalgaon Sakegaon    ,Maharashtra,India
"jalna,maharashtra",19.918833,75.8708599,Jnv Jalna Amba Partur  ,Maharashtra,India
"kolhapur,maharashtra",16.7028412,74.2405329,Jnv Kolhapur Kagal    ,Maharashtra,India
"latur,maharashtra",18.3553347,76.7548997,Jnv Latur Chincholiraowadi    ,Maharashtra,India
"nagpur,maharashtra",21.1498134,79.0820556,Jnv Nagpur Navegaon Khairi  ,Maharashtra,India
"nanded,maharashtra",19.0940088,77.4831922,Jnv Nanded Shankarnagar    ,Maharashtra,India
"nandurbar-i,maharashtra",21.363778,74.2411418,Jnv Nandurbar I Akkalkuwa  ,Maharashtra,India
"nandurbar-ii,maharashtra",21.363778,74.2411418,Jnv Nandurbar Ii Akkalkuwa  ,Maharashtra,India
"nasik,maharashtra",19.9834939,73.8926931,Jnv Nasik Khedgaon    ,Maharashtra,India
"osmanabad,maharashtra",18.2822454,76.0588166,Jnv Osmanabad Tuljapur    ,Maharashtra,India
"parbhani,maharashtra",19.2901981,76.6026443,Jnv Parbhani Balsa    ,Maharashtra,India
"pune,maharashtra",18.5213738,73.8545071,Jnv Pune Pimple Jagtap  ,Maharashtra,India
"raigad,maharashtra",18.4928092,73.138071,Jnv Raigad Nizampur    ,Maharashtra,India
"ratnagiri,maharashtra",17.2826079,73.4569787,Jnv Ratnagiri Padve    ,Maharashtra,India
"sangli,maharashtra",17.1726928,74.5867654,Jnv Sangli Palus    ,Maharashtra,India
"satara,maharashtra",17.6361288,74.2982781,Jnv Satara Khawali    ,Maharashtra,India
"sindhudurg,maharashtra",16.1357193,73.6522086,Jnv Sindhudurg Savantwadi    ,Maharashtra,India
"solapur,maharashtra",17.8499067,75.2763203,Jnv Solapur Pokharapur    ,Maharashtra,India
"palghar (thane),maharashtra",19.6949228,72.7704173,Jnv Palghar Thane Mahim  ,Maharashtra,India
"wardha,maharashtra",20.8256231,78.6131455,Jnv Wardha Selu Kate  ,Maharashtra,India
"washim,maharashtra",20.2874178,77.2369655,Jnv Washim Washim    ,Maharashtra,India
"yavatmal,maharashtra",20.0638677,78.3565663,Jnv Yavatmal Belora    ,Maharashtra,India
"bishnupur,manipur",24.6267287,93.7600454,Jnv Bishnupur Bishnupur    ,Manipur,India
"chandel,manipur",24.3312009,94.0011081,Jnv Chandel Liwa Khullen Sarai,Manipur,India
"churachandpur,manipur",24.3468839,93.6994143,Jnv Churachandpur Tuinom    ,Manipur,India
"east imphal,manipur",24.8328129,94.0166864,Jnv East Imphal Yaralpat  ,Manipur,India
"senapati-1,manipur",25.2726634,94.0267486,Jnv Senapati 1 Pfukhro  ,Manipur,India
"senapati-2,manipur",25.2726634,94.0267486,Jnv Senapati 2 Kangpokpi  ,Manipur,India
"tamenglong,manipur",24.9858596,93.5039967,Jnv Tamenglong Duigailong    ,Manipur,India
"thoubal-kakching,manipur",24.516,94.00554,Jnv Thoubal Kakching Waikhong  ,Manipur,India
"ukhrul-i,manipur",25.0982654,94.363167,Jnv Ukhrul I Ramva  ,Manipur,India
"ukhrul-ii,manipur",25.0982654,94.363167,Jnv Ukhrul Ii Jessami  ,Manipur,India
"west imphal,manipur",24.7590802,93.8617365,Jnv West Imphal Khumbong  ,Manipur,India
"east garo hills,meghalaya",25.6184946,90.6342162,Jnv East Garo Hills Williamnagar,Meghalaya,India
"east jaintia hills,meghalaya",25.2515761,92.4840501,Jnv East Jaintia Hills Rambai,Meghalaya,India
"east khasi hills-1,meghalaya",25.3514671,91.581802,Jnv East Khasi Hills  ,Meghalaya,India
"east khasi hills-2,meghalaya",25.564265,91.878929,Jnv East Khasi Hills  ,Meghalaya,India
"north garo hills,meghalaya",25.8619841,90.7017705,Jnv North Garo Hills Raja,Meghalaya,India
"ri-bhoi,meghalaya",25.8764026,91.8567574,Jnv Ri Bhoi Niangbari  ,Meghalaya,India
"south garo hills,meghalaya",25.347969,90.5657773,Jnv South Garo Hills Ampangare,Meghalaya,India
"s. w. garo hills,meghalaya",25.444631,89.9969655,Jnv S W Garo Hills,Meghalaya,India
"w. garo hills,meghalaya",25.6063142,90.2113906,Jnv W Garo Hills Sadolparat,Meghalaya,India
"s. w. khasi hills,meghalaya",25.3307221,91.3217388,Jnv S W Khasi Hills,Meghalaya,India
"w. jaintia hills,meghalaya",25.4425965,92.2988275,Jnv W Jaintia Hills Mukhla,Meghalaya,India
"west khasi hills,meghalaya",25.5814429,91.0851094,Jnv West Khasi Hills Mawlongphlang,Meghalaya,India
"aizawl,mizoram",23.7433532,92.7382756,Jnv Aizawl Sadaikaun    ,Mizoram,India
"champhai,mizoram",23.6317319,93.3493185,Jnv Champhai Khawzawl    ,Mizoram,India
"kolasib,mizoram",24.2339647,92.6749651,Jnv Kolasib Thingdwal    ,Mizoram,India
"lawngtlai,mizoram",22.3913377,92.7397189,Jnv Lawngtlai Sihtlangpui    ,Mizoram,India
"lunglei,mizoram",22.9519972,92.6338827,Jnv Lunglei Pukpui    ,Mizoram,India
"mamit,mizoram",23.7564387,92.4515374,Jnv Mamit Dinthar Veng  ,Mizoram,India
"saiha,mizoram",22.488034,92.9813358,Jnv Saiha Thingsen    ,Mizoram,India
"serchip,mizoram",23.3083,92.8564,Jnv Serchip Thenzwal    ,Mizoram,India
"dimapur,nagaland",25.9041378,93.7177609,Jnv Dimapur Nihokhu    ,Nagaland,India
"kiphire,nagaland",25.8113822,94.8494968,Jnv Kiphire Kiphire Town  ,Nagaland,India
"kohima,nagaland",25.6618755,94.1019156,Jnv Kohima Yakukie    ,Nagaland,India
"longleng,nagaland",26.5839315,94.8045481,Jnv Longleng Tangha    ,Nagaland,India
"mokokchung,nagaland",26.4795861,94.5105275,Jnv Mokokchung Mongkolemba    ,Nagaland,India
"mon,nagaland",26.666667,95,Jnv Mon Wakching    ,Nagaland,India
"peren,nagaland",25.4502306,93.6001154,Jnv Peren Jalukie    ,Nagaland,India
"phek,nagaland",25.6514473,94.3809788,Jnv Phek Lewoza    ,Nagaland,India
"tuensang,nagaland",26.2342107,94.741553,Jnv Tuensang Chare    ,Nagaland,India
"wokha,nagaland",26.2422509,94.1921153,Jnv Wokha Chukitong    ,Nagaland,India
"zunheboto,nagaland",26.0123802,94.5123719,Jnv Zunheboto Lumami    ,Nagaland,India
"angul,odisha",21.102538,84.9536825,Jnv Angul Champatimunda   Odor,Odisha,India
"balasore,odisha",21.5006421,86.919884,Jnv Balasore Bagudi   Odor,Odisha,India
"bargarh,odisha",21.2319922,83.5652737,Jnv Bargarh Paikmal   Odor,Odisha,India
"bhadrak,odisha",20.9854052,86.5934226,Jnv Bhadrak Chandimal   Odor,Odisha,India
"bolangir,odisha",20.7502257,83.2499464,Jnv Bolangir Belpada   Odor,Odisha,India
"boudh,odisha",20.6407463,83.9969704,Jnv Boudh Paljhar   Odor,Odisha,India
"cuttack,odisha",20.4686,85.8792,Jnv Cuttack Mundali   Odor,Odisha,India
"deogarh,odisha",21.5370786,84.7301184,Jnv Deogarh Sunamunda   Odor,Odisha,India
"dhenkanal,odisha",20.8351494,85.6022305,Jnv Dhenkanal Sarang   Odor,Odisha,India
"gajapati,odisha",19.1966026,84.1930634,Jnv Gajapati Betaguda   Odor,Odisha,India
"ganjam,odisha",19.6090067,84.7080633,Jnv Ganjam Surangi   Odor,Odisha,India
"jagatsinghpur,odisha",20.2593872,86.1660878,Jnv Jagatsinghpur Sailo   Odor,Odisha,India
"jajpur,odisha",20.8746788,86.1215393,Jnv Jajpur Panikoili   Odor,Odisha,India
"jharsuguda,odisha",21.8019368,83.9713964,Jnv Jharsuguda Lahendabud H Kantapali,Odisha,India
"kalahandi,odisha",19.8265756,83.0408702,Jnv Kalahandi Narla   Odor,Odisha,India
"kendrapara,odisha",20.5475164,86.5296168,Jnv Kendrapara Baro   Odor,Odisha,India
"keonjhar,odisha",21.5,85.5,Jnv Keonjhar Hadagarh   Odor,Odisha,India
"khurda,odisha",20.1617378,85.7052429,Jnv Khurda Gurujang   Odor,Odisha,India
"koraput,odisha",18.7232023,82.6100596,Jnv Koraput Landiguda   Odor,Odisha,India
"malkangiri-i,odisha",18.3744283,81.8868551,Jnv Malkangiri I Gondiaguda  ,Odisha,India
"malkangiri-ii,odisha",18.3744283,81.8868551,Jnv Malkangiri Ii Belimela  ,Odisha,India
"mayurbhanj,odisha",21.9156338,86.3961824,Jnv Mayurbhanj Salbani   Odor,Odisha,India
"nabarangpur,odisha",19.228896,82.5665715,Jnv Nabarangpur Khatiguda   Odor,Odisha,India
"nayagarh,odisha",20.2393682,85.050728,Jnv Nayagarh Nabaghanpur   Odor,Odisha,India
"nuapada,odisha",20.5412657,82.5292352,Jnv Nuapada Tarbod   Odor,Odisha,India
"phulbani,odisha",20.4762322,84.2348517,Jnv Phulbani Tudipaju   Odor,Odisha,India
"puri,odisha",19.8343066,85.6853295,Jnv Puri Konark   Odor,Odisha,India
"rayagada,odisha",19.4426698,83.5873053,Jnv Rayagada Burjuguda   Odor,Odisha,India
"sambalpur,odisha",21.5570606,84.1528515,Jnv Sambalpur Goshala   Odor,Odisha,India
"sonepur,odisha",20.8453864,83.909083,Jnv Sonepur Tarbha   Odor,Odisha,India
"sundargarh,odisha",22.0605153,83.9359154,Jnv Sundargarh Zinc Nagar  ,Odisha,India
"karaikal,puducherry",10.91571,79.8375761,Jnv Karaikal Rayanpalayam    ,Puducherry,India
"mahe,puducherry",11.7021978,75.5364701,Jnv Mahe Pandakkal    ,Puducherry,India
"puducherry,puducherry",11.9340568,79.8306447,Jnv Puducherry Periyakalapet    ,Puducherry,India
"yanam,puducherry",16.7332235,82.2018118,Jnv Yanam Mettakar    ,Puducherry,India
"amritsar-i,punjab",31.6225149,74.8279355,Jnv Amritsar I Awan  ,Punjab,India
"amritsar-ii,punjab",31.5878143,75.0311771,Jnv Amritsar Ii Bhillowallopoke  ,Punjab,India
"barnala,punjab",30.3716802,75.5039887,Jnv Barnala Dhilwan    ,Punjab,India
"bhathinda,punjab",30.195009,74.9495666,Jnv Bhathinda Teona Pujarian  ,Punjab,India
"faridkot,punjab",30.6014507,74.7950176,Jnv Faridkot Kauni    ,Punjab,India
"fatehgarh sahib,punjab",30.6634041,76.3803,Jnv Fatehgarh Sahib Farour  ,Punjab,India
"fazilaka,punjab",30.4030969,74.0230926,Jnv Fazilaka Kikarwala Rupa  ,Punjab,India
"ferozepur,punjab",30.6839733,76.3594033,Jnv Ferozepur Mahianwala Kalan  ,Punjab,India
"gurdaspur,punjab",31.9037264,75.2275587,Jnv Gurdaspur Daburi    ,Punjab,India
"hoshiarpur,punjab",31.6092942,75.8459754,Jnv Hoshiarpur Phelahi    ,Punjab,India
"jalandhar,punjab",31.2922312,75.5678878,Jnv Jalandhar Talwandi Madho  ,Punjab,India
"kapurthala,punjab",31.3856476,75.3053304,Jnv Kapurthala Maseetan    ,Punjab,India
"ludhiana,punjab",30.9090157,75.851601,Jnv Ludhiana Dhanansu    ,Punjab,India
"mansa,punjab",29.8764133,75.4889564,Jnv Mansa Phaphre Bhaike  ,Punjab,India
"moga,punjab",30.7877554,75.159359,Jnv Moga Lohara    ,Punjab,India
"mohali,punjab",30.7041168,76.7176885,Jnv Mohali Rakoli    ,Punjab,India
"muktsar,punjab",30.4692,74.5182,Jnv Muktsar Bringkhera    ,Punjab,India
"pathankot,punjab",32.3021899,75.6589406,Jnv Pathankot Najochak    ,Punjab,India
"patiala,punjab",30.2092777,76.3397231,Jnv Patiala Fatehpur Rajputana  ,Punjab,India
"rupnagar (ropar),punjab",30.9725363,76.5331576,Jnv Rupnagar Ropar Sandhuan  ,Punjab,India
"s.b.s.nagar (nawanshahar),punjab",31.081334,76.018622,Jnv Sbsnagar Nawanshahar Pojewal  ,Punjab,India
"sangrur,punjab",30.135717,75.8533326,Jnv Sangrur Longowal    ,Punjab,India
"taran taran,punjab",31.3212453,74.8416687,Jnv Taran Taran Goindwal Sahib,Punjab,India
"ajmer,rajasthan",26.4691,74.639,Jnv Ajmer Nandla    ,Rajasthan,India
"alwar,rajasthan",27.4140048,76.6170387,Jnv Alwar Khairthal    ,Rajasthan,India
"banswara-i,rajasthan",23.550075,74.446294,Jnv Banswara I Budwa  ,Rajasthan,India
"banswara-ii,rajasthan",23.550075,74.446294,Jnv Banswara Ii Raja Talab,Rajasthan,India
"baran,rajasthan",24.9208165,76.6821985,Jnv Baran Atru    ,Rajasthan,India
"barmer,rajasthan",25.5814853,71.1924922,Jnv Barmer Pachpadra Nagar  ,Rajasthan,India
"bharatpur,rajasthan",27.0246959,77.2920116,Jnv Bharatpur Chhokarwara    ,Rajasthan,India
"bhilwara,rajasthan",25.4891177,74.3300726,Jnv Bhilwara Hurda    ,Rajasthan,India
"bikaner,rajasthan",28.0159286,73.3171367,Jnv Bikaner Gajner    ,Rajasthan,India
"bundi,rajasthan",25.4367659,75.7361471,Jnv Bundi Sitapura    ,Rajasthan,India
"chittorgarh,rajasthan",24.7171578,74.4718129,Jnv Chittorgarh Mandaphia    ,Rajasthan,India
"churu,rajasthan",28.2047781,74.6912996,Jnv Churu Sardarshahar    ,Rajasthan,India
"dausa,rajasthan",26.8048658,76.4437457,Jnv Dausa Kherli    ,Rajasthan,India
"dholpur,rajasthan",26.7010642,77.896749,Jnv Dholpur Bari Road  ,Rajasthan,India
"dungarpur,rajasthan",23.8538893,73.7087177,Jnv Dungarpur Thakarda    ,Rajasthan,India
"hanumangarh,rajasthan",29.3659533,74.298429,Jnv Hanumangarh Pallu    ,Rajasthan,India
"jaipur,rajasthan",26.9154576,75.8189817,Jnv Jaipur Paota    ,Rajasthan,India
"jaisalmer,rajasthan",26.9116615,70.9124888,Jnv Jaisalmer Mohangarh    ,Rajasthan,India
"jalore,rajasthan",25.2718629,72.4388121,Jnv Jalore Jaswantpura    ,Rajasthan,India
"jhalawar,rajasthan",24.3132368,76.5221078,Jnv Jhalawar Pachpahar    ,Rajasthan,India
"jhunjhunu,rajasthan",28.0810679,75.3792478,Jnv Jhunjhunu Kajra    ,Rajasthan,India
"jodhpur,rajasthan",26.2967719,73.0351433,Jnv Jodhpur Tilwasni    ,Rajasthan,India
"karauli,rajasthan",26.4530971,77.0160461,Jnv Karauli Jatnagla    ,Rajasthan,India
"kota,rajasthan",25.1737019,75.8574194,Jnv Kota Khairabad    ,Rajasthan,India
"nagaur,rajasthan",26.9873443,73.7389011,Jnv Nagaur Kuchaman City  ,Rajasthan,India
"pali,rajasthan",25.455221,73.419389,Jnv Pali Jojawar    ,Rajasthan,India
"pratapgarh,rajasthan",24.0232221,74.6250275,Jnv Pratapgarh Chhoti Sadri  ,Rajasthan,India
"rajasmand,rajasthan",25.057269,73.885107,Jnv Rajasmand Rajnagar    ,Rajasthan,India
"sawai madhopur,rajasthan",26.1137182,76.4240637,Jnv Sawai Madhopur Jat Baroda,Rajasthan,India
"sikar,rajasthan",27.6625058,75.0279905,Jnv Sikar Patan    ,Rajasthan,India
"sirohi,rajasthan",24.8114047,72.8300257,Jnv Sirohi Kalandri    ,Rajasthan,India
"sriganganagar-i,rajasthan",29.6183515,74.2721086,Jnv Sriganganagar I Mahiyanwali  ,Rajasthan,India
"sriganganagar-ii,rajasthan",29.6183515,74.2721086,Jnv Sriganganagar Ii Suratgarh  ,Rajasthan,India
"tonk,rajasthan",26.122266,75.8238631,Jnv Tonk Chhan    ,Rajasthan,India
"udaipur,rajasthan",24.578721,73.6862571,Jnv Udaipur Mavli    ,Rajasthan,India
"east sikkim,sikkim",27.5858068,88.1101127,Jnv East Sikkim Pakyong  ,Sikkim,India
"north sikkim,sikkim",27.4437487,88.5246664,Jnv North Sikkim Phodong  ,Sikkim,India
"south sikkim,sikkim",27.329672,88.6116536,Jnv South Sikkim Ravangla  ,Sikkim,India
"west sikkim,sikkim",27.1638205,88.2943341,Jnv West Sikkim Rothak  ,Sikkim,India
"kumaram bhim asifabad (adilabad),telangana",19.40509,79.219912,Jnv Kumaram Bhim Asifabad Adilabad,Telangana,India
"karimnagar,telangana",18.4348122,79.1328042,Jnv Karimnagar Choppadandi    ,Telangana,India
"khammam-1,telangana",17.2465351,80.1500326,Jnv Khammam 1 Palair  ,Telangana,India
"nagarkurnul-mahabubnagar,telangana",16.606157,78.134838,Jnv Nagarkurnul Mahabubnagar Vattem  ,Telangana,India
"siddipet-medak,telangana",18.0984967,78.8505892,Jnv Siddipet Medak Wergal  ,Telangana,India
"nalgonda,telangana",16.8579636,79.2174935,Jnv Nalgonda Chalakurthy Camp  ,Telangana,India
"kamareddy-nizamabad,telangana",18.3226987,78.3377444,Jnv Kamareddy Nizamabad Nizamsagar  ,Telangana,India
"ranga reddy,telangana",17.1333954,78.3970979,Jnv Ranga Reddy Gopanapally  ,Telangana,India
"warangal,telangana",17.9820644,79.5970954,Jnv Warangal Mamnoor    ,Telangana,India
"dhalai (e. tripura),tripura",23.834079,91.921471,Jnv Dhalai E Tripura Nalkata,Tripura,India
"gomati (s. tripura),tripura",23.201532,91.578186,Jnv Gomati S Tripura Buanduar,Tripura,India
"khowai (w. tripura),tripura",24.081208,91.5989065,Jnv Khowai W Tripura Ramchandraghat,Tripura,India
"dharamnagar (n.tripura),tripura",24.38397,92.163001,Jnv Dharamnagar Ntripura Kherengjuri  ,Tripura,India
"sepahijala,tripura",23.6658004,91.3200275,Jnv Sepahijala Gabardi Bazar  ,Tripura,India
"south tripura,tripura",23.1708278,91.638817,Jnv South Tripura Nathpara Belonia,Tripura,India
"unakoti,tripura",24.1909848,92.0460483,Jnv Unakoti Machmara    ,Tripura,India
"west tripura,tripura",23.9153328,91.3879341,Jnv West Tripura Baikunthpur  ,Tripura,India
"agra,uttar pradesh",27.1752554,78.0098161,Jnv Agra Kolara Kalan  ,Uttar Pradesh,India
"aligarh,uttar pradesh",27.8761073,78.1358153,Jnv Aligarh Sujanpur    ,Uttar Pradesh,India
"amebedkar nagar,uttar pradesh",25.41342,81.863375,Jnv Amebedkar Nagar Afjalpur  ,Uttar Pradesh,India
"amethi (sultanpur-i),uttar pradesh",26.200753,81.858556,Jnv Amethi Sultanpur I Pachehari,Uttar Pradesh,India
"auraiya,uttar pradesh",26.6558215,79.5160757,Jnv Auraiya Taiyyapur    ,Uttar Pradesh,India
"ayodhya- faizabad,uttar pradesh",26.7990707,82.2052321,Jnv Ayodhya Faizabad Dabhasemar  ,Uttar Pradesh,India
"azamgarh,uttar pradesh",26.023639,83.0293105,Jnv Azamgarh Jiyanpur    ,Uttar Pradesh,India
"badaun,uttar pradesh",28.0649367,79.043832,Jnv Badaun Nagpur    ,Uttar Pradesh,India
"bagpat,uttar pradesh",28.943802,77.219402,Jnv Bagpat Sarfabad    ,Uttar Pradesh,India
"baharaich,uttar pradesh",27.9892785,81.5950298,Jnv Baharaich Kirtanpur    ,Uttar Pradesh,India
"ballia,uttar pradesh",25.8749594,84.1210329,Jnv Ballia Sinhachawar    ,Uttar Pradesh,India
"balrampur,uttar pradesh",27.4476988,82.3956245,Jnv Balrampur Ghooghulpur    ,Uttar Pradesh,India
"banda,uttar pradesh",25.4438537,80.5595237,Jnv Banda Duredi    ,Uttar Pradesh,India
"barabanki,uttar pradesh",26.9421406,81.3856087,Jnv Barabanki Sonikpur    ,Uttar Pradesh,India
"bareilly,uttar pradesh",28.4582344,79.4047452,Jnv Bareilly Rathabad    ,Uttar Pradesh,India
"basti,uttar pradesh",26.8387083,82.5350919,Jnv Basti Rudhauli    ,Uttar Pradesh,India
"bijnore,uttar pradesh",29.373449,78.13501,Jnv Bijnore Saindwar    ,Uttar Pradesh,India
"bulandshahar,uttar pradesh",28.5246712,77.5996529,Jnv Bulandshahar Buklana    ,Uttar Pradesh,India
"chandauli,uttar pradesh",25.125695,83.2494601,Jnv Chandauli Bairath    ,Uttar Pradesh,India
"chitrakoot,uttar pradesh",25.2171389,81.1045927,Jnv Chitrakoot Manikpur    ,Uttar Pradesh,India
"deoria,uttar pradesh",26.4239911,83.7638578,Jnv Deoria Mehra Purwa  ,Uttar Pradesh,India
"etah,uttar pradesh",27.5550357,78.5992221,Jnv Etah Begaur    ,Uttar Pradesh,India
"etawah,uttar pradesh",26.7155629,79.0917098,Jnv Etawah Sambon    ,Uttar Pradesh,India
"farrukhabad,uttar pradesh",27.4362002,79.4894778,Jnv Farrukhabad Rohilla    ,Uttar Pradesh,India
"fatehpur,uttar pradesh",25.8348023,80.9154547,Jnv Fatehpur Sarkandi    ,Uttar Pradesh,India
"firozabad,uttar pradesh",27.1941954,78.4604956,Jnv Firozabad Guraiya Soyalpur  ,Uttar Pradesh,India
"gautam budh nagar,uttar pradesh",28.4492122,77.5281018,Jnv Gautam Budh Nagar Dhoom,Uttar Pradesh,India
"ghaziabad,uttar pradesh",28.7749966,77.4586967,Jnv Ghaziabad Amirpur    ,Uttar Pradesh,India
"ghazipur,uttar pradesh",25.6034862,83.5075888,Jnv Ghazipur Gora Bazar  ,Uttar Pradesh,India
"gonda,uttar pradesh",27.1103723,81.9238906,Jnv Gonda Mankapur    ,Uttar Pradesh,India
"gorakhpur,uttar pradesh",26.6677977,83.3642334,Jnv Gorakhpur Jungle Agahi  ,Uttar Pradesh,India
"hamirpur,uttar pradesh",25.75,80,Jnv Hamirpur Rath Sarsai  ,Uttar Pradesh,India
"hardoi,uttar pradesh",27.3369978,80.0998232,Jnv Hardoi Itara Pihani  ,Uttar Pradesh,India
"hathras,uttar pradesh",27.5724324,78.1116209,Jnv Hathras Agsauli    ,Uttar Pradesh,India
"j.p. nagar,uttar pradesh",27.2141797,77.9884153,Jnv Jp Nagar Baseda Taga,Uttar Pradesh,India
"jalaun,uttar pradesh",26.1048633,79.3919136,Jnv Jalaun Orai    ,Uttar Pradesh,India
"jaunpur,uttar pradesh",25.7967065,82.4888992,Jnv Jaunpur Mariahu    ,Uttar Pradesh,India
"jhansi,uttar pradesh",25.529855,78.6527802,Jnv Jhansi Baruasagar    ,Uttar Pradesh,India
"kannauj,uttar pradesh",26.9986675,79.6927946,Jnv Kannauj Anaugi    ,Uttar Pradesh,India
"kanpur dehat,uttar pradesh",26.4585639,79.8548052,Jnv Kanpur Dehat Jalalpur  ,Uttar Pradesh,India
"kanpur nagar,uttar pradesh",26.4410107,80.2652803,Jnv Kanpur Nagar Sarsaul  ,Uttar Pradesh,India
"kasganj,uttar pradesh",27.7888527,78.8229701,Jnv Kasganj Tharachitra    ,Uttar Pradesh,India
"kaushambi,uttar pradesh",25.5342456,81.4493567,Jnv Kaushambi Tewa    ,Uttar Pradesh,India
"kushinagar,uttar pradesh",26.7438272,83.9162322,Jnv Kushinagar Milki Rasulpur  ,Uttar Pradesh,India
"lakhimpur kheri,uttar pradesh",28.1834228,80.7131272,Jnv Lakhimpur Kheri Mitauli  ,Uttar Pradesh,India
"lalitpur,uttar pradesh",24.6999688,78.51862,Jnv Lalitpur Dailwara    ,Uttar Pradesh,India
"lucknow,uttar pradesh",26.8381,80.9346001,Jnv Lucknow Pipersand    ,Uttar Pradesh,India
"maharajganj,uttar pradesh",27.0936024,83.5660681,Jnv Maharajganj Dhanewa Dhanei  ,Uttar Pradesh,India
"mahoba,uttar pradesh",25.3615938,79.706011,Jnv Mahoba Rath    ,Uttar Pradesh,India
"mainpuri,uttar pradesh",27.2093072,79.0625369,Jnv Mainpuri Bhongaon    ,Uttar Pradesh,India
"mathura,uttar pradesh",27.4955539,77.6855554,Jnv Mathura Paigaon Kosi  ,Uttar Pradesh,India
"mau,uttar pradesh",26.0390904,83.4985846,Jnv Mau Mahuar    ,Uttar Pradesh,India
"meerut,uttar pradesh",29.0018557,77.7679671,Jnv Meerut Sardhana    ,Uttar Pradesh,India
"mirzapur,uttar pradesh",24.9316896,82.6280163,Jnv Mirzapur Patehara Kalan  ,Uttar Pradesh,India
"moradabad,uttar pradesh",28.8796553,78.8095335,Jnv Moradabad Kalewala    ,Uttar Pradesh,India
"muzaffarnagar,uttar pradesh",29.4496978,77.7429333,Jnv Muzaffarnagar Baghra    ,Uttar Pradesh,India
"hapur,uttar pradesh",28.7166767,77.890433,Jnv Hapur Mela Road  ,Uttar Pradesh,India
"pilibhit,uttar pradesh",28.4947158,80.1076122,Jnv Pilibhit Bisalpur    ,Uttar Pradesh,India
"pratapgarh,uttar pradesh",25.75,81.75,Jnv Pratapgarh Narainpur    ,Uttar Pradesh,India
"prayagraj (allahabad),uttar pradesh",25.4381302,81.8338005,Jnv Prayagraj Allahabad Meja Khas,Uttar Pradesh,India
"raebareli,uttar pradesh",26.2086768,81.2186298,Jnv Raebareli Bawan Bujurg  ,Uttar Pradesh,India
"rampur,uttar pradesh",28.7934728,79.1845806,Jnv Rampur Kira Shahbad  ,Uttar Pradesh,India
"saharanpur,uttar pradesh",29.9856799,77.5040646,Jnv Saharanpur Murzapur    ,Uttar Pradesh,India
"sambhal (badaun),uttar pradesh",28.2039194,79.0591933,Jnv Sambhal Badaun Rasoolpur  ,Uttar Pradesh,India
"sant kabir nagar,uttar pradesh",26.755082,83.0398545,Jnv Sant Kabir Nagar Jagdishpur,Uttar Pradesh,India
"sant ravidas nagar,uttar pradesh",25.3574077,82.5002953,Jnv Sant Ravidas Nagar Gyanpur,Uttar Pradesh,India
"shahjahanpur,uttar pradesh",27.9128583,79.7476254,Jnv Shahjahanpur Hathora Buzurg  ,Uttar Pradesh,India
"shamli (prabudh nagar ),uttar pradesh",29.439179,77.306983,Jnv Shamli Prabudh Nagar Uchasam,Uttar Pradesh,India
"shrawasti,uttar pradesh",27.507692,82.02821,Jnv Shrawasti Samharpurwa    ,Uttar Pradesh,India
"siddharth nagar,uttar pradesh",27.2752892,83.0675485,Jnv Siddharth Nagar Basantpur  ,Uttar Pradesh,India
"sitapur-i,uttar pradesh",27.5615568,80.6840082,Jnv Sitapur I Khairabad  ,Uttar Pradesh,India
"sitapur-ii,uttar pradesh",27.5615568,80.6840082,Jnv Sitapur Ii Dhanipur  ,Uttar Pradesh,India
"sonebhadra,uttar pradesh",24.33993,83.050781,Jnv Sonebhadra Bahuar    ,Uttar Pradesh,India
"sultanpur-ii,uttar pradesh",26.2588602,82.0716893,Jnv Sultanpur Ii Amiliya Fikra,Uttar Pradesh,India
"unnao,uttar pradesh",26.5673264,80.6198193,Jnv Unnao Kalimitti Rajivpuram  ,Uttar Pradesh,India
"varanasi,uttar pradesh",25.3356491,83.0076292,Jnv Varanasi Gajokhar    ,Uttar Pradesh,India
"almora,uttarakhand",29.7026509,79.4326318,Jnv Almora Tarikhet    ,Uttarakhand,India
"bageshwar,uttarakhand",30.0087902,79.9280183,Jnv Bageshwar Simar    ,Uttarakhand,India
"chamoli,uttarakhand",30.4985956,79.6190537,Jnv Chamoli Pipalkoti    ,Uttarakhand,India
"champawat,uttarakhand",29.235032,80.1023068,Jnv Champawat Latoli    ,Uttarakhand,India
"dehradun,uttarakhand",30.3255646,78.0436813,Jnv Dehradun Shankarpur    ,Uttarakhand,India
"haridwar,uttarakhand",29.9384473,78.1452985,Jnv Haridwar Roshnabad    ,Uttarakhand,India
"nainital,uttarakhand",29.3905295,79.460869,Jnv Nainital Gangarkot    ,Uttarakhand,India
"pauri garhwal,uttarakhand",29.8473168,78.7070479,Jnv Pauri Garhwal Jaiharikhal  ,Uttarakhand,India
"pithrogarh,uttarakhand",30.132027,79.205327,Jnv Pithrogarh Marsolibhat    ,Uttarakhand,India
"rudraprayag,uttarakhand",30.4915835,79.0366067,Jnv Rudraprayag Bansu    ,Uttarakhand,India
"tehri garhwal,uttarakhand",30.4658181,78.4837349,Jnv Tehri Garhwal Pokhal  ,Uttarakhand,India
"udham singh nagar,uttarakhand",29.0478313,79.4326164,Jnv Udham Singh Nagar Rudrapur,Uttarakhand,India
"uttarkashi,uttarakhand",30.9635733,78.6362521,Jnv Uttarkashi Dhungir    ,Uttarakhand,India
"alipurdwar,west bengal",26.523315,89.534485,Jnv Alipurdwar Purba Chakchaka  ,West Bengal,India
"bankura,west bengal",23.132377,87.2081925,Jnv Bankura Kalapathar    ,West Bengal,India
"birbhum,west bengal",24.0621532,87.6982823,Jnv Birbhum Gopalpur    ,West Bengal,India
"burdhman,west bengal",23.250197,87.869378,Jnv Burdhman Bidhan Nagar  ,West Bengal,India
"cooch behar,west bengal",26.2559197,89.4201143,Jnv Cooch Behar Toofanganj  ,West Bengal,India
"darjeeling,west bengal",27.0377554,88.263176,Jnv Darjeeling Chhabbisay Mirik  ,West Bengal,India
"east medinipur,west bengal",22.2864402,87.9181378,Jnv East Medinipur Kapaseria  ,West Bengal,India
"hooghly,west bengal",22.9099402,88.0120825,Jnv Hooghly Dihibhagnan Arambagh  ,West Bengal,India
"howrah,west bengal",22.5736296,88.3251045,Jnv Howrah Gangadharpur    ,West Bengal,India
"jalpaiguri (new),west bengal",26.6828552,88.4424796,Jnv Jalpaiguri New Nagarkata  ,West Bengal,India
"malda,west bengal",25.0057449,88.1398483,Jnv Malda Malda    ,West Bengal,India
"murshidabad,west bengal",24.1745993,88.2721335,Jnv Murshidabad Berhampore    ,West Bengal,India
"nadia,west bengal",23.4847374,88.5567067,Jnv Nadia Banipur    ,West Bengal,India
"north 24 parganas,west bengal",22.6926815,88.6625795,Jnv North 24 Parganas Banipr,West Bengal,India
"purulia,west bengal",23.2020967,86.3228988,Jnv Purulia Dabar Balrampur  ,West Bengal,India
"south 24 parganas-1,west bengal",22.6180871,88.412251,Jnv South 24 Parganas  ,West Bengal,India
"s.24 parganas-2,west bengal",22.5994556,88.4722454,Jnv S24 Parganas 2 Jibantala,West Bengal,India
"north dinajpur,west bengal",26.2617405,88.1891867,Jnv North Dinajpur Dalkhola  ,West Bengal,India
"south dinajpur,west bengal",26.2596535,88.1869372,Jnv South Dinajpur Mangalpur  ,West Bengal,India
"west medinipur,west bengal",22.2788943,87.9222786,Jnv West Medinipur Muradanga  ,West Bengal,India
